iterations,L2_error
1,0.0174457
2,0.0111643
3,0.00911452
4,0.00616392
5,0.00640307
6,0.00438255
7,0.00512304
8,0.00371732
9,0.0044316
10,0.0034989