iterations,L2_error
1,0.0169731
2,0.013009
3,0.0102901
4,0.00851872
5,0.00725913
6,0.00630574
7,0.00561843
8,0.00514062
9,0.00486339
10,0.00478416